[
    {
        "name": "งูเห่า Siamese, Monocellate Cobra (Naja kaouthia)",
        "size" : "100 – 180 เซนติเมตร ขนาดยาวที่สุดที่วัดได้ของสถานเสาวภาคือ 225 เซนติเมตร",
        "nature" : "เป็นงูที่แผ่แม่เบี้ยได้โดยการตั้งส่วนหัวและคอขึ้น แล้วแผ่กางส่วนคอให้ขยายกว้างออกไป มีลายตรงกลางแม่เบี้ยบนด้านหลังของส่วนคอเรียกว่า “ลายดอกจัน” <br/>ลักษณะส่วนใหญ่เป็นรูปวงแหวนเดี่ยว สีลำตัวมีสีน้ำตาลอ่อนถึงเข้ม สีดำ หรือ สีเหลืองนวล",
        "reproduction" : "ผสมพันธุ์ช่วงเดือนสิงหาคมถึงมกราคม วางไข่ครั้งละ 15-37 ฟอง ช่วงเดือนตุลาคมถึงมีนาคม<br/>ระยะฟักไข่นาน 51-69 วัน (เฉลี่ย 60 วัน) ลูกงูเห่าแรกเกิดมีน้ำหนัก 13.2 -18.8 กรัม และความยาว 31.5 – 35.5 เซนติเมตร",
        "food" : "สัตว์เลี้ยงลูกด้วยนมขนาดเล็ก หนู นก กบ เขียด และบางครั้งกินงูชนิดอื่นเป็นอาหาร",
        "habitat" : "บริเวณที่ลุ่มค่อนข้างชื้น อาศัยอยู่ในจอมปลวก ทุ่งนา หรือพบบนภูเขาที่ระดับความสูง 900 เมตร ออกหากินในเวลาพลบค่ำโดยหากินตามพื้นดิน",
        "spread" : "พบทั่วทุกภาคของประเทศไทย นอกจากนี้ยังพบในพม่า ลาว กัมพูชา เวียดนาม มาเลเซีย อินเดีย บังคลาเทศ เนปาล และจีน",
        "symptom" : "พิษเฉพาะที่ จะมีอาการเสียวแปลบเกิดขึ้นทันทีตรงบริเวณที่ถูกงูเห่ากัด ต่อมาจะปวดเล็กน้อย อาการปวดจะเพิ่มมากขึ้น มักจะมีรอยเขี้ยวพิษ 2 จุด มีเลือดออกซิบๆ หลังจากนั้น 30 นาที <br/>บริเวณรอยเขี้ยวจะบวมเล็กน้อย และบวมมากขึ้นช้าๆเฉพาะรอบๆแผลเท่านั้น หลังจากงูกัด 30 นาที - 5 ชั่วโมง เริ่มเกิดอาการแรกคือ เวียนหัว แขนขาไม่มีแรง และง่วงนอนลืมตาไม่ขึ้น",
        "aid" : "ควรรีบมาโรงพยาบาลโดยเร็วที่สุด และขยับส่วนที่ถูกกัดให้น้อยเฉพาะเท่าที่จำเป็น เพื่อลดการดูดซึมพิษงู<br/>ถ้าถูกงูเห่าพ่นพิษเข้าตา ควรล้างตาด้วยน้ำสะอาดปริมาณมาก ใช้เชือกรัดเหนือบาดแผลการรัดไม่ควรรัดแน่นจนเกินไป  พยายามให้ผู้ป่วยเคลื่อนไหวน้อยที่สุด",
        "treatment" : "การให้เซรุ่มต้านพิษงู<br/>ยาสเตียรอยด์ แพทย์อาจพิจารณาใช้กลุ่มสเตียรอยด์ เช่น เด็กซ่าเมธาโซนร่วมกับซีรั่มแก้พิษงู<br/>พิจารณาใช้เครื่องช่วยหายใจ พิษงูเห่าจะทำให้กล้ามเนื้อหายใจเป็นอัมพาต ผู้ป่วยไม่สามารถหายใจเองได้",
        "image" : "static/images/snake_cobra.jpg"
    },
    { 
        "name": "งูเขียวหางไหม้ Green pit viper (Cryptelytrops albolabris)",
        "size" : "ความยาวโดยเฉลี่ย 70 เซนติเมตรในเพศผู้ และ 90 เซนติเมตรในเพศเมีย อาจยาวได้ถึง 100 เซนติเมตร เพศเมียมักมีขนาดใหญ่กว่าเพศผู้",
        "nature" : " รูปร่างค่อนข้างอ้วนใหญ่ปกคลุมด้วยเกล็ดมีสันชัดเจน ลำตัวและหัวเป็นสีเขียวอ่อนส่วนหัว<br/>เป็นรูปสามเหลี่ยมหลิมยาวปกคลุมด้วยเกล็ดขนาดเล็กๆผิวเรียบและมีขนาดใหญ่กว่าลำคออย่างเด่นชัด<br/> ส่วนท้อง ริมฝีปาก และคางมีสีเหลือง ขาว หรือสีเขียวอ่อนกว่าสีของลำตัว ในเพศผู้มักมีเส้นข้างตัวสีขาวพาด<br/>ผ่านเกล็ดลำตัวแถวนอกสุดตั้งแต่คอถึงหาง ซึ่งไม่พบในเพศเมีย หางสีน้ำตาลแดง",
        "reproduction" : "ผสมพันธุ์ช่วงเดือนกันยายนถึงเดือนพฤศจิกายน ออกลูกเป็นตัวครั้งละ 7-30 ตัวช่วงเดือนกุมภาพันธ์<br/>ถึงเดือนพฤษภาคม ลูกงูแรกเกิดมีน้ำหนัก 3.6 – 5.2 กรัม และความยาวเฉลี่ย 20 เซนติเมตร",
        "food" : " หนู นก กิ้งก่า กบ เขียด หรือ ปาด โดยออกหากินตอนกลางคืนตามพื้นดิน พุ่มไม้ หรือต้นไม้",
        "habitat" : "มักพบอยู่ในสวนใกล้บ้านคน หรือในพื้นที่ระดับความสูงต่ำกว่า 400 เมตร",
        "spread" :"พบได้ทั่วทุกภาคของประเทศไทย และมีการแพร่กระจายใน<br/> พม่า ลาว กัมพูชา เวียดนาม เกาะมาเก๊า ไต้หวัน จีนตอนใต้ บังคลาเทศ และอินเดีย",
        "symptom" : " อาการเฉพาะที่ ปวดบวมชัดเจน ตั้งแต่น้อยจนถึงมาก อาจพบผิวหนังพองเป็นถุงน้ำ <br/>หรือมีเลือดซึมออกจากแผลรอยเขี้ยว บางรายอาจพบเนื้อตายร่วมด้วย อาการทั่วไป<br/>เลือดออกผิดปกติตามอวัยวะต่างๆ ทั่วร่างกาย ได้แก่ เลือดออกตามไรฟัน<br/>เลือดออกตามรอยแผลเขี้ยวที่ถูกกัดและรอยเขียวช้ำ อาจมีเลือดออกในกล้ามเนื้อ<br/> อาเจียนเป็นเลือด หรือปัสสาวะเป็นเลือด เป็นต้น",
        "aid" : "ใช้เชือกรัดเหนือบริเวณที่ถูกกัดเล็กน้อย ไม่ควรรัดแน่น ไม่ควรรัดบริเวณนิ้ว แต่ควรรัดบริเวณส่วนข้อมือ หรือข้อเท้าแทน ทั้งนี้ควรมีการคลายที่รัดๆ ทุก 15 นาที<br/>ควรให้บริเวณที่ถูกกัด มีการขยับน้อยที่สุด ควรทำความสะอาดแผลด้วยน้ำสะอาด หรือน้ำเกลือล้างแผล รีบไปพบแพทย์เพื่อทำการรักษาตั้งแต่เบื้องต้น ไม่ควรรักษาเอง ",
        "treatment" : "การให้เซรุ่มต้านพิษงู<br/>หากคุณไม่มีอาการอะไร หลังจากดูอาการภายใน 1-2 ชั่วโมง แพทย์จะให้กลับบ้านได้ แต่คุณจะต้องสังเกตอาการของคุณ <br/>ตามคำแนะนำของแพทย์หรือพยาบาล",
        "image" : "static/images/snake_greenpitviper.jpg"
    },

    {
        "name": "งูแมวเซา Russell’s Viper (Daboia russelii siamensis)",
        "size" : " 90 - 150 เซนติเมตร",
        "nature" : "ลำตัวอ้วนเทอะทะ พื้นลำตัวมีสีน้ำตาลอ่อนแต้มลายเป็นวงสีน้ำตาลเข้มกระจายอยู่ทั่วตัวโดยมีขอบด้านในสีดำ <br/>ส่วนขอบด้านนอกสีขาว ลายบางลายเชื่อมติดกันหรือมีขนาดแตกต่างกันไป หัวเป็นรูปสามเหลี่ยมปกคลุมด้วยเกล็ดขนาดเล็กมีสัน <br/>ลวดลายบนหัวมีสีน้ำตาลเข้มมองดูคล้ายหัวลูกศร เมื่อถูกศัตรูคุกคามจะขดตัวเป็นวง แล้วทำเสียงขู่โดยการสูบลมเข้าไปในตัวจนตัวพอง <br/>แล้วพ่นลมออกมาทางรูจมูกแรงๆ เป็นเสียงดังฟังดูน่ากลัว และสามารถฉกกัดได้อย่างรวดเร็วจากท่านี้",
        "reproduction" : "ผสมพันธุ์ช่วงเดือนตุลาคมถึงเดือนธันวาคม ออกลูกเป็นตัวครั้งละ 20 - 45 ตัว (สูงสุด 63 ตัว)<br/> ช่วงเดือนมีนาคมถึงเมษายน ลูกงูแรกเกิดมีน้ำหนัก 7.2 – 14.4 กรัม และความยาว 24 - 30 เซนติเมตร\n",
        "food" : "หนู นก กบ เป็นงูที่ออกหากินกลางคืน",
        "habitat" : " เป็นงูที่ชอบอาศัยอยู่ตามที่ดอนแห้ง ทุ่งนา ขดตัวนอนตามโพรงดิน ซอกหินหรือพงหญ้ารก ไม่ขึ้นต้นไม้ อาจพบได้ที่ระดับความสูง 2,000 เมตร",
        "spread" :"พบมากแถบภาคกลางและภาคตะวันออกของประเทศไทย นอกจากนี้ยังพบในพม่า กัมพูชา จีนตอนใต้ ไต้หวัน และเกาะชวาของอินโดนีเซีย",
        "symptom" : "ทันที่ทีถูกงูกัดจะเกิดอาการปวดและมีอาการบวมมาก หรืออาจมีเลือดออกตามไรฟัน ไอมีเสมหะปนเลือด <br/>ถ่ายอุจาระสีดำ ปัสสาวะเป็นเลือด ร่วมด้วย มีเลือดออกและการเแข็งตัว ของเลือดผิดปกติ อาจอาการไตวายเฉียบพลันในผู้ป่วยบางราย",
        "aid" : "ควรรีบมาโรงพยาบาลโดยเร็วที่สุด และขยับส่วนที่ถูกกัดให้น้อยเฉพาะเท่าที่จำเป็น เพื่อลดการดูดซึมพิษงู",
        "treatment" : "ให้เซรุ่มแก้พิษงูแมวเซา<br/>สตีรอยด์ ให้ผลดี นอกจากช่วยลดบวม ปวด<br/> รักษาตามอาการ ให้เลือด สารประกอบของเลือดเมื่อผู้ป่วยซีดมาก",
        "image" : "static/images/snake_russelviper.jpg"
    },

    {
        "name" : "งูจงอาง King Cobra (Ophiophagus hannah)",
        "size" : "200 – 540 เซนติเมตร",
        "nature" : "ตัวโตเต็มวัยมีความผันแปรของขนาดและสีสันลำตัวที่เด่นชัด ซึ่งเกี่ยวข้องกับขอบเขตทางภูมิศาสตร์ งูจงอางภาคใต้มีขนาดใหญ่ที่สุด สีน้ำตาลอมเขียว<br/>หรือสีเขียวอมเทา ลวดลายตามลำตัวไม่ชัดเจน งูจงอางภาคเหนือมีสีเข้มเกือบดำ งูจงอางภาคกลางและภาคอีสานมีลายขวางเป็นบั้งๆตลอดลำตัว เมื่อถูกรบกวน<br/>งูจงอางจะแผ่แม่เบี้ยได้เช่นเดียวกับงูเห่า แม่เบี้ยของงูจงอางจะแคบกว่าของงูเห่า ลักษณะเด่นอีกอย่างคือ งูจงอางมีเกล็ดท้ายทอยขนาดใหญ่ 1 คู่ ",
        "reproduction" : "ผสมพันธุ์ช่วงเดือนพฤศจิกายนถึงเดือนมีนาคม วางไข่ครั้งละ 12-51 ฟองช่วงเดือนมกราคมถึงเดือนพฤษภาคม",
        "food" : "งูชนิดอื่นๆ และ กิ้งก่า",
        "habitat" : "พบในป่าทึบโดยชอบอยู่ใกล้แหล่งน้ำลำธาร อาศัยอยู่ในระดับสูงกว่าน้ำทะเลได้ถึง 2,135 เมตร",
        "spread" : "พบทั่วทุกภาคของประเทศไทย",
        "symptom" : "แขนไม่มีแรง กระวนกระวาย ลิ้นเกร็ง พูดจาอ้อแอ้ ตามัว น้ำลายฟูมปาก เนื่องจากกล้ามเนื้อการกลืนเป็นอัมพาต",
        "aid" : "ควรให้บริเวณที่ถูกกัด มีการขยับน้อยที่สุด ทำความสะอาดแผลด้วยน้ำสะอาด หรือน้ำเกลือล้างแผล<br/>อย่าใช้ปากดูด หรือกรีดแผล รีบไปพบแพทย์เพื่อทำการรักษาตั้งแต่เบื้องต้น ไม่ควรรักษาเอง",
        "treatment" : "แพทย์จะทำการซักประวัติ และชนิดของงูที่กัด ตรวจเลือดตามข้อบ่งชี้ ให้เซรุ่ม ต้านพิษงู เมื่อมีอาการผิดปกติ ควรรีบพามาตรวจซ้ำ",
        "image" : "static/images/snake_kingcobra.jpg"
    },

    {
        "name" : "งูกะปะ Malayan Pit Viper (Calloselasma rhodostoma)",
        "size" : "50-80 เซนติเมตร",
        "nature" : "ลำตัวสีน้ำตาลแดงหรือน้ำตาลเทา มีลายรูปสามเหลี่ยมสีน้ำตาลเข้มขอบขาวเรียงเป็นแถวอยู่สองข้าง",
        "reproduction" : "ผสมพันธุ์ช่วงเดือนมีนาคมถึงพฤษภาคม วางไข่ครั้งละ 10-30 ฟองช่วงเดือนพฤษภาคมถึงกันยายน",
        "food" : "ผสมพันธุ์ช่วงเดือนมีนาคมถึงพฤษภาคม วางไข่ครั้งละ 10-30 ฟองช่วงเดือนพฤษภาคมถึงกันยายน",
        "habitat" : "เป็นงูที่ชอบขดตัวนอนนิ่งๆ อยู่ตามซอกหิน ใต้ใบไม้ร่วง ในสวนยางพารา",
        "spread" : "พบทั่วทุกภาคของประเทศไทย รวมถึงลาว กัมพูชา เวียดนามใต้ มาเลเซีย และเกาะชวาของอินโดนีเซีย",
        "symptom" : "การบวมและตุ่มน้ำพุพองเกิดขึ้นเร็วภายใน 2 ชั่วโมงแรกหลังถูกกัดและแผลเน่าเกิดขึ้นได้บ่อย เลือดไม่กลายเป็นลิ่มและมีเลือดออกตามที่ต่างๆ เช่น ตามไรฟัน",
        "aid" : "ทำความสะอาดแผลที่ถูกงูกัดด้วยยาฆ่าเชื้อเช่น แอลกอฮอล์ ตำแหน่งขาหรือแขนที่ถูกกัดควรให้เคลื่อนไหวน้อยที่สุด อย่าตื่นตกใจเกินไป<br/>ต้องพาผู้ป่วยไปพบแพทย์ที่โรงพยาบาลหรือสถานีอนามัยที่ใกล้ที่สุด",
        "treatment" : "แพทย์จะทำการซักประวัติ และชนิดของงูที่กัด ตรวจเลือดตามข้อบ่งชี้ ต้องให้เซรุ่มแก้พิษงู รักษาแผลและภาวะแทรกซ้อน",
        "image" : "static/images/snake_malayanviper.jpg"
    },

    {
        "name" : " งูทับสมิงคลา Malayan Krait (Bungarus candidus)",
        "size" : "100 -150 เซนติเมตร",
        "nature" : "มีสีดำสลับขาวเป็นปล้องตลอดความยาวลำตัว มีเกล็ดดำแซมอยู่ในปล้องขาว ส่วนท้องมีสีขาว ส่วนบนของหัวมีสีดำปนเทา",
        "reproduction" : "ผสมพันธุ์ช่วงเดือนธันวาคมถึงเดือนมกราคม วางไข่ครั้งละ 4-8 ฟอง ช่วงเดือนกุมภาพันธ์ถึงมีนาคม",
        "food" : "งูขนาดเล็ก จิ้งเหลน กบ เขียด เป็นงูที่ออกหากินกลางคืน",
        "habitat" : "พบอาศัยตามพื้นดินที่ลุ่มชื้นใกล้แหล่งน้ำ",
        "spread" : "พบทั่วทุกภาคของประเทศไทย โดยพบมากทางภาคตะวันออกเฉียงเหนือ ภาคตะวันออก และภาคใต้",
        "symptom" : "มีอาการหนักที่หนังตาบน ตาพร่า มองเห็นเป็นสองภาพ ต่อมาจะพบหนังตาตก ลืมตาไม่ขึ้น ตากลอกไปมาไม่ได้ ซึ่งจะเกิดภายใน 1-2 ชั่วโมงภายหลังถูกงูกัด ",
        "aid" : "ทำความสะอาดแผลที่ถูกงูกัดด้วยยาฆ่าเชื้อเช่น แอลกอฮอล์ ตำแหน่งที่ถูกกัดควรให้เคลื่อนไหวน้อยที่สุด อย่าตื่นตกใจเกินไป ต้องพาผู้ป่วยไป<br/>พบแพทย์ที่โรงพยาบาลหรือสถานีอนามัยที่ใกล้ที่สุด",
        "treatment" : "แพทย์จะทำการซักประวัติ และชนิดของงูที่กัด ตรวจเลือดตามข้อบ่งชี้ จำเป็นต้องให้เซรุ่มแก้พิษงู รักษาแผลและภาวะแทรกซ้อน",
        "image" : "static/images/snake_malayankrait.jpg"
    },

    {
        "name" : "งูสามเหลี่ยม Banded Krait (Bungarus fasciatus)",
        "size" : "100 -180 เซนติเมตร",
        "nature" : "ลำตัวมีสีดำสลับเหลืองเป็นปล้องขนาดใกล้เคียงกัน ลักษณะเด่นคือ แนวของกระดูกสันหลังยกตัวสูงเด่น ทำให้เห็นเป็นรูปสามเหลี่ยมชัดเจน",
        "reproduction" : "ผสมพันธุ์ช่วงเดือนมกราคมถึงเดือนมีนาคม วางไข่ครั้งละ 8-12 ฟองช่วงเดือนมีนาคมถึงเดือนพฤษภาคม",
        "food" : "งูชนิดอื่น กิ้งก่า ปลา เป็นงูที่ออกหากินกลางคืน และเชื่องช้าในตอนกลางวัน",
        "habitat" : "พบทั่วไปตามที่ราบลุ่ม ป่าชายเลน ทุ่งนา",
        "spread" : "พบได้ทุกภาคของประเทศไทย นอกจากนี้ยังมีรายงานพบในพม่า ลาว กัมพูชา เวียดนาม มาเลเซีย สิงคโปร์ อินโดนีเซีย",
        "symptom" : "มีอาการหนักที่หนังตาบน ตาพร่า มองเห็นเป็นสองภาพ ต่อมาจะพบหนังตาตก ลืมตาไม่ขึ้น ตากลอกไปมาไม่ได้ ซึ่งจะเกิดภายใน 1-2 ชั่วโมงภายหลังถูกงูกัด",
        "aid" : "ทำความสะอาดแผลที่ถูกงูกัดด้วยยาฆ่าเชื้อเช่น แอลกอฮอล์ ตำแหน่งที่ถูกกัดควรให้เคลื่อนไหวน้อยที่สุด อย่าตื่นตกใจเกินไป ต้องพาผู้ป่วยไป<br/>พบแพทย์ที่โรงพยาบาลหรือสถานีอนามัยที่ใกล้ที่สุด",
        "treatment" : "แพทย์จะทำการซักประวัติ และชนิดของงูที่กัด ตรวจเลือดตามข้อบ่งชี้ จำเป็นต้องให้เซรุ่มแก้พิษงู รักษาแผลและภาวะแทรกซ้อน",
        "image" : "static/images/snake_bandedkrait.jpg"
    }


]